{"cameraMode":{"drawMode":0,"name":"Shaded","section":"Shading Mode"},"sceneLighting":false,"audioPlay":false,"sceneViewState":{"m_AlwaysRefresh":false,"showFog":false,"showSkybox":false,"showFlares":false,"showImageEffects":false,"showParticleSystems":false,"showVisualEffectGraphs":true,"m_FxEnabled":false},"in2DMode":false,"pivot":{"x":7.60245943069458,"y":1.1277278661727906,"z":-20.741674423217775},"rotation":{"x":-0.007752595003694296,"y":-0.9805095791816711,"z":0.041128989309072497,"w":-0.19082994759082795},"size":1.2124358415603638,"orthographic":false}