{"cameraMode":{"drawMode":0,"name":"Shaded","section":"Shading Mode"},"sceneLighting":false,"audioPlay":false,"sceneViewState":{"m_AlwaysRefresh":false,"showFog":false,"showSkybox":false,"showFlares":false,"showImageEffects":false,"showParticleSystems":false,"showVisualEffectGraphs":true,"m_FxEnabled":false},"in2DMode":false,"pivot":{"x":0.0026218201965093614,"y":0.01682751066982746,"z":0.1482633501291275},"rotation":{"x":0.0036174629349261524,"y":-0.997451901435852,"z":0.050737567245960239,"w":0.04703807458281517},"size":0.08503548055887222,"orthographic":false}