{"cameraMode":{"drawMode":0,"name":"Shaded","section":"Shading Mode"},"sceneLighting":false,"audioPlay":false,"sceneViewState":{"m_AlwaysRefresh":false,"showFog":false,"showSkybox":false,"showFlares":false,"showImageEffects":false,"showParticleSystems":false,"showVisualEffectGraphs":true,"m_FxEnabled":false},"in2DMode":false,"pivot":{"x":-0.02517622523009777,"y":0.011154078878462315,"z":0.1835203915834427},"rotation":{"x":0.0016928990371525288,"y":-0.999356210231781,"z":0.01783938892185688,"w":0.026152851060032846},"size":0.08503548055887222,"orthographic":false}