{"cameraMode":{"drawMode":0,"name":"Shaded","section":"Shading Mode"},"sceneLighting":false,"audioPlay":false,"sceneViewState":{"m_AlwaysRefresh":false,"showFog":false,"showSkybox":false,"showFlares":false,"showImageEffects":false,"showParticleSystems":false,"showVisualEffectGraphs":true,"m_FxEnabled":false},"in2DMode":false,"pivot":{"x":-0.003768867813050747,"y":0.015235663391649723,"z":0.1200210377573967},"rotation":{"x":0.0014433558098971844,"y":-0.9995138049125671,"z":0.008846784941852093,"w":0.02466777339577675},"size":0.08503548055887222,"orthographic":false}