{"cameraMode":{"drawMode":0,"name":"Shaded","section":"Shading Mode"},"sceneLighting":false,"audioPlay":false,"sceneViewState":{"m_AlwaysRefresh":false,"showFog":false,"showSkybox":false,"showFlares":false,"showImageEffects":false,"showParticleSystems":false,"showVisualEffectGraphs":true,"m_FxEnabled":false},"in2DMode":false,"pivot":{"x":0.0071318428963422779,"y":0.012189753353595734,"z":0.15397745370864869},"rotation":{"x":0.00177758967038244,"y":-0.9993046522140503,"z":0.0223389845341444,"w":0.024646053090691568},"size":0.08503548055887222,"orthographic":false}