{"cameraMode":{"drawMode":0,"name":"Shaded","section":"Shading Mode"},"sceneLighting":false,"audioPlay":false,"sceneViewState":{"m_AlwaysRefresh":false,"showFog":false,"showSkybox":false,"showFlares":false,"showImageEffects":false,"showParticleSystems":false,"showVisualEffectGraphs":true,"m_FxEnabled":false},"in2DMode":false,"pivot":{"x":-0.09606873244047165,"y":-0.022011015564203264,"z":0.14907091856002809},"rotation":{"x":0.02644815854728222,"y":-0.9601789712905884,"z":-0.09224794805049896,"w":-0.2618080675601959},"size":0.08503548055887222,"orthographic":false}